StartTime: 2020-08-09 16:15:30.520,,,,,,,,,,,
address,Time(s),ax(g),ay(g),az(g),wx(deg/s),wy(deg/s),wz(deg/s),AngleX(deg),AngleY(deg),AngleZ(deg),T(Â°) 
0x50, 16:22:37.187,-0.9214,0.73,0.8794,-2.5635,3.54,0.3662,35.777,34.931,179.9945,47.57
0x50, 16:22:37.189,-0.9111,0.7231,0.877,-3.54,3.2349,2.6245,35.8044,34.9805,179.9945,47.57
0x50, 16:22:37.189,-0.9063,0.7075,0.8662,-4.4556,3.1738,5.127,35.8374,35.0189,179.9945,47.58
0x50, 16:22:37.223,-0.8955,0.6909,0.8628,-5.249,3.3569,6.6528,35.8649,35.0464,179.9945,47.58
0x50, 16:22:37.224,-0.8711,0.6758,0.8599,-5.6763,3.7231,6.2256,35.8813,35.0739,179.9945,47.57
0x50, 16:22:37.224,-0.8496,0.6689,0.8511,-5.6152,4.3335,4.3335,35.8923,35.1178,179.9945,47.57
0x50, 16:22:37.224,-0.8164,0.6699,0.8247,-5.3711,5.249,1.2207,35.8978,35.1727,179.9945,47.56
0x50, 16:22:37.231,-0.7852,0.6782,0.7798,-5.4321,6.8359,-2.5024,35.9088,35.2661,179.9945,47.56
0x50, 16:22:37.237,-0.7373,0.7017,0.7461,-5.9204,8.8501,-5.7373,35.9253,35.376,179.9945,47.58
0x50, 16:22:37.263,-0.689,0.7295,0.6929,-6.5918,11.2305,-8.3618,35.9692,35.5023,179.9945,47.58
0x50, 16:22:37.270,-0.6655,0.749,0.6143,-7.3242,14.1602,-12.6343,36.0297,35.6781,179.9945,47.59
0x50, 16:22:37.271,-0.6504,0.7607,0.499,-8.1787,17.2729,-20.6909,36.1066,35.9363,179.9945,47.58
0x50, 16:22:37.271,-0.6567,0.7554,0.354,-9.2773,20.3857,-31.3721,36.2054,36.3043,179.9945,47.57
0x50, 16:22:37.285,-0.686,0.7544,0.1812,-11.2915,23.7427,-41.748,36.3538,36.7932,179.9945,47.58
0x50, 16:22:37.310,-0.6836,0.7959,-0.0747,-15.7471,27.8931,-50.7813,36.6064,37.348,179.9945,47.57
0x50, 16:22:37.321,-0.7427,0.9067,-0.3481,-26.8555,36.5601,-56.9458,36.9086,37.9742,179.9945,47.57
0x50, 16:22:37.322,-0.7778,1.0386,-0.5015,-44.9219,49.0723,-54.6875,37.1393,38.6499,179.9945,47.57
0x50, 16:22:37.333,-0.7173,1.2021,-0.8174,-72.3877,65.918,-45.8374,36.4417,39.4519,179.9945,47.58
0x50, 16:22:37.344,-0.8027,1.2598,-0.9692,-114.7461,95.8862,-44.6777,35.4694,40.4901,179.9945,47.57
0x50, 16:22:37.360,-0.8276,1.311,-0.9741,-166.9922,134.5215,-55.9692,34.0741,41.9073,179.9945,47.58
0x50, 16:22:37.366,-0.7383,1.2778,-0.9893,-225.8911,179.0161,-62.9883,32.2504,43.7476,179.9945,47.58
0x50, 16:22:37.367,-0.6504,1.1611,-1.0352,-289.5508,231.8115,-54.7485,30.0916,45.9998,179.9945,47.59
0x50, 16:22:37.443,-0.4414,0.9019,-0.9531,-354.3701,289.917,-40.2832,27.6965,48.7079,179.9945,47.58
0x50, 16:22:37.443,-0.0825,0.5991,-0.7637,-411.9873,352.7832,-31.5552,25.1257,51.9763,179.9945,47.58
0x50, 16:22:37.444,0.2031,0.3481,-0.501,-457.2144,419.5557,-38.8184,22.3792,55.9424,179.9945,47.58
0x50, 16:22:37.444,0.4316,0.0864,-0.1377,-491.6992,484.375,-62.3169,19.3414,60.6555,179.9945,47.58
0x50, 16:22:37.444,0.5806,-0.1563,0.269,-515.0757,544.6167,-83.9233,15.9906,66.0773,179.9945,47.58
0x50, 16:22:37.444,0.4966,-0.3398,0.7817,-529.9072,601.9897,-89.3555,12.4969,72.1088,179.9945,47.59
0x50, 16:22:37.460,0.1382,-0.2803,1.3472,-528.9917,651.3672,-71.6553,9.4043,78.6237,179.9945,47.6
0x50, 16:22:37.460,-0.2437,-0.418,1.9839,-519.5923,696.5332,-1.8921,9.7723,85.4956,179.9945,47.6
0x50, 16:22:37.467,-0.5088,-0.4565,2.8003,-492.4316,738.0371,129.2725,36.958,92.5488,179.9945,47.59
0x50, 16:22:37.467,-1.1016,-0.4155,3.8462,-439.3311,780.2734,259.9487,-119.2181,97.2235,179.9945,47.59
0x50, 16:22:37.488,-1.6992,-0.2588,5.2031,-361.5112,813.5986,342.041,-53.6572,96.2347,179.9945,47.58
0x50, 16:22:37.493,-2.4346,-0.1367,7.002,-268.6157,825.1343,405.5786,-17.5287,104.3921,179.9945,47.59
0x50, 16:22:37.510,-3.396,-0.6968,9.2422,-150.9399,803.4058,490.6616,-27.8394,113.5327,179.9945,47.58
0x50, 16:22:37.511,-4.3008,-2.104,11.7339,2.0142,740.2344,606.2012,-32.1899,122.9095,179.9945,47.58
0x50, 16:22:37.535,-5.0488,-4.6787,13.9844,198.4863,615.8447,732.9102,-34.7168,132.0227,179.9945,47.57
0x50, 16:22:37.535,-6.043,-8.8008,15.23,453.3081,414.1846,801.4526,-34.8761,-26.8011,179.9945,47.57
0x50, 16:22:37.553,-6.8716,-13.3535,14.6538,760.0708,136.6577,774.1089,-30.0861,-21.2531,179.9945,47.57
0x50, 16:22:37.581,-7.4214,-15.2954,12.2075,1074.1577,-210.8765,731.3232,-22.2198,-19.4128,179.9945,47.58
0x50, 16:22:37.592,-8.9575,-15.8062,8.0845,1385.1929,-637.9395,687.9883,-11.4642,-22.7142,179.9945,47.58
0x50, 16:22:37.593,-12.9321,-15.9404,2.5752,1683.0444,-1111.8164,559.6313,2.1423,179.9945,179.9945,47.59
0x50, 16:22:37.594,-15.7822,-15.9761,-2.292,1938.2935,-1602.6611,436.1572,-98.1628,179.9945,179.9945,47.58
0x50, 16:22:37.594,15.4556,-15.8398,-5.1768,-1994.4458,1997.6196,518.6157,-108.0945,179.9945,179.9945,47.59
0x50, 16:22:37.595,15.2549,-10.2622,-9.5308,1757.019,1997.6196,929.4434,-132.8796,179.9945,179.9945,47.59
0x50, 16:22:37.610,15.2021,-4.4995,-13.0669,855.7739,1997.6196,1818.9697,-160.9937,179.9945,179.9945,47.59
0x50, 16:22:37.622,-14.8086,-9.4653,-14.0059,-878.1128,1997.6196,-1998.7183,-145.9479,179.9945,179.9945,47.59
0x50, 16:22:37.666,-5.52,-14.2725,-14.2529,-1994.3848,-1900.0244,-1998.7183,-134.9561,-29.8553,179.9945,47.58
0x50, 16:22:37.666,0.1572,-15.5371,-8.5552,-1994.3848,-439.6973,1495.2393,-150.6226,-16.1664,179.9945,47.6
0x50, 16:22:37.667,0.4482,-15.0454,0.4014,-1994.3848,-20.3247,-43.7012,-170.7056,-16.2048,179.9945,47.59
0x50, 16:22:37.667,-2.9531,-15.4185,3.793,-1434.8145,66.4673,-290.4053,174.1443,-17.3309,179.9945,47.58
0x50, 16:22:37.668,0.2651,-13.9937,8.5703,-916.0156,148.8647,-78.4912,164.6906,-18.7317,179.9945,47.57
0x50, 16:22:37.685,0.0107,-11.1455,8.7988,-372.4976,215.6982,-126.6479,160.3619,-20.4785,179.9945,47.58
0x50, 16:22:37.697,-0.7979,-8.1284,7.3652,54.0161,351.5015,-361.0229,-47.818,-22.5714,179.9945,47.57
0x50, 16:22:37.697,-1.8364,-5.4858,6.5938,291.8091,432.0068,-450.6226,-42.3083,-23.0109,179.9945,47.57
0x50, 16:22:37.710,-4.5112,-3.1421,7.2407,390.3198,532.5928,-459.9609,-35.4419,-22.1704,179.9945,47.57
0x50, 16:22:37.722,-3.9722,-0.8384,5.9429,399.231,545.4712,-606.8726,-28.1415,-21.2476,179.9945,47.57
0x50, 16:22:37.735,-5.3999,-0.1616,5.7808,287.9639,560.3638,-722.7783,-21.7584,-19.715,179.9945,47.57
0x50, 16:22:37.747,-5.8174,0.6025,5.3086,148.3154,482.5439,-710.2051,-17.2705,-17.8638,179.9945,47.59
0x50, 16:22:37.760,-6.604,0.7349,5.1973,1.8311,364.502,-583.4961,-15.1062,-16.1169,179.9945,47.6
0x50, 16:22:37.772,-6.1626,0.7183,4.8105,-120.8496,192.5049,-369.3237,-15.1392,-15.2216,179.9945,47.6
0x50, 16:22:37.786,-5.5229,0.2168,4.5122,-213.7451,30.2124,-145.9351,-16.8695,-15.3094,179.9945,47.6
0x50, 16:22:37.787,-4.1372,-0.2324,4.1563,-276.4282,-113.4033,11.4746,-19.7589,-16.3641,179.9945,47.59
0x50, 16:22:37.799,-3.0396,-0.6992,3.8452,-318.9697,-219.5435,97.29,-23.4338,-18.1,179.9945,47.58
0x50, 16:22:37.810,-2.2251,-0.936,3.6841,-344.1162,-292.4194,139.7095,-27.6746,-20.2258,179.9945,47.58
0x50, 16:22:37.822,-1.7759,-0.9541,3.5288,-351.7456,-329.6509,159.5459,-32.2778,-22.4066,179.9945,47.59
0x50, 16:22:37.823,-1.2969,-0.9697,3.3296,-347.7783,-344.8486,174.3164,-37.1228,-24.3896,179.9945,47.57
0x50, 16:22:37.838,-1.0093,-1.0732,3.1514,-332.3975,-336.3037,179.1382,-42.0117,-25.9882,179.9945,47.59
0x50, 16:22:37.838,-0.5776,-1.2979,3.0361,-305.3589,-314.9414,163.9404,-46.6864,-27.2351,179.9945,47.59
0x50, 16:22:37.851,-0.4277,-1.252,3.0298,-265.3198,-279.2358,136.2915,-50.8667,-28.158,179.9945,47.58
0x50, 16:22:37.863,-0.2354,-1.3022,2.915,-222.4731,-241.4551,106.5674,-54.4537,-28.8556,179.9945,47.58
0x50, 16:22:37.897,-0.3379,-1.2393,2.936,-176.5137,-196.5332,81.3599,-57.3596,-29.3335,179.9945,47.57
0x50, 16:22:37.898,-0.3081,-1.2339,2.8965,-132.2021,-153.9307,56.0303,-59.5844,-29.6906,179.9945,47.58
0x50, 16:22:37.898,-0.252,-1.29,2.7837,-90.1489,-110.8398,27.5269,-61.106,-30.0146,179.9945,47.57
0x50, 16:22:37.898,-0.3042,-1.2178,2.7173,-53.3447,-68.9697,-2.1973,-61.9849,-30.3662,179.9945,47.57
0x50, 16:22:37.948,-0.4854,-1.0513,2.5962,-25.6958,-32.1655,-33.5693,-62.3145,-30.8167,179.9945,47.57
0x50, 16:22:37.960,-0.5757,-0.9932,2.5381,-8.8501,-5.188,-61.0352,-62.265,-31.3824,179.9945,47.58
0x50, 16:22:37.961,-0.7329,-0.8413,2.4858,1.1597,22.3999,-74.3408,-61.9189,-31.9318,179.9945,47.58
0x50, 16:22:37.963,-0.856,-0.8208,2.4678,0.5493,41.687,-79.0405,-61.452,-32.4371,179.9945,47.57
0x50, 16:22:37.964,-0.9419,-0.6855,2.4463,-5.3101,52.9785,-78.9795,-60.9686,-32.8766,179.9945,47.56
0x50, 16:22:37.964,-0.916,-0.6641,2.4526,-14.0991,62.0728,-71.4111,-60.5347,-33.2007,179.9945,47.57
0x50, 16:22:37.976,-1.0273,-0.6421,2.3438,-24.4141,63.6597,-62.561,-60.2161,-33.4314,179.9945,47.56
0x50, 16:22:37.988,-1.1279,-0.7305,2.2495,-36.8042,56.0913,-58.2886,-60.0732,-33.6566,179.9945,47.57
0x50, 16:22:37.989,-1.2949,-0.7876,2.2554,-44.6167,47.8516,-53.4058,-60.0623,-33.8818,179.9945,47.58
0x50, 16:22:38.001,-1.2612,-0.8472,2.2671,-47.9736,39.0015,-43.396,-60.1721,-34.0631,179.9945,47.57
0x50, 16:22:38.013,-1.2993,-0.7954,2.2778,-47.9126,28.2593,-32.0435,-60.3754,-34.2004,179.9945,47.58
0x50, 16:22:38.022,-1.189,-0.7988,2.2969,-48.2788,9.2773,-23.4985,-60.7269,-34.3597,179.9945,47.58
0x50, 16:22:38.055,-1.1982,-0.7505,2.3354,-45.105,-4.5776,-18.9819,-61.1389,-34.5465,179.9945,47.57
0x50, 16:22:38.071,-1.085,-0.7788,2.3291,-40.1611,-17.0898,-21.3013,-61.5729,-34.8157,179.9945,47.56
0x50, 16:22:38.072,-1.1328,-0.7437,2.314,-32.4707,-23.9868,-26.062,-61.9574,-35.1617,179.9945,47.55
0x50, 16:22:38.073,-1.0146,-0.7993,2.2642,-23.9258,-28.0762,-28.8696,-62.276,-35.5463,179.9945,47.55
0x50, 16:22:38.073,-1.0073,-0.8501,2.2773,-13.2446,-27.4658,-35.9497,-62.4628,-35.9912,179.9945,47.57
0x50, 16:22:38.085,-0.9375,-0.8613,2.2305,-2.0752,-25.6958,-47.6074,-62.4902,-36.535,179.9945,47.56
0x50, 16:22:38.086,-0.9375,-0.8613,2.2305,-2.0752,-25.6958,-47.6074,-62.5177,-37.0734,179.9945,47.56
0x50, 16:22:38.131,-0.9937,-0.7886,2.2534,8.728,-21.3623,-45.5933,-62.4133,-37.5787,179.9945,47.55
0x50, 16:22:38.132,-0.9683,-0.7734,2.2666,17.9443,-18.1274,-27.0996,-62.265,-37.9028,179.9945,47.57
0x50, 16:22:38.141,-1.0381,-0.6875,2.3447,25.8789,-12.8784,-13.4277,-62.0453,-38.0786,179.9945,47.57
0x50, 16:22:38.141,-0.9805,-0.6606,2.3975,33.2031,-7.4463,-12.3291,-61.7157,-38.2214,179.9945,47.55
0x50, 16:22:38.142,-0.9985,-0.5918,2.4136,40.2222,0.1831,-15.2588,-61.2598,-38.3588,179.9945,47.57
0x50, 16:22:38.159,-1.0259,-0.5981,2.4453,42.2363,2.6245,-24.1089,-60.7269,-38.5565,179.9945,47.57
0x50, 16:22:38.171,-1.1064,-0.4746,2.4927,45.7764,5.8594,-30.5786,-60.1062,-38.7927,179.9945,47.57
0x50, 16:22:38.172,-1.1006,-0.5049,2.4878,46.936,8.5449,-24.4751,-59.48,-38.963,179.9945,47.57
0x50, 16:22:38.185,-1.0693,-0.5259,2.5464,50.415,11.8408,-11.0474,-58.8483,-39.0015,179.9945,47.57
0x50, 16:22:38.197,-0.9731,-0.6733,2.5815,54.7485,15.9302,-4.4556,-58.1726,-38.9575,179.9945,47.57
0x50, 16:22:38.198,-0.9136,-0.7144,2.5264,63.7207,20.9961,-11.4746,-57.3431,-38.941,179.9945,47.57
0x50, 16:22:38.210,-0.8853,-0.8154,2.4849,74.585,29.1138,-30.2734,-56.2665,-39.0399,179.9945,47.56
0x50, 16:22:38.223,-0.853,-0.8613,2.4634,88.562,38.0859,-53.7109,-54.8822,-39.2761,179.9945,47.56
0x50, 16:22:38.235,-0.8501,-0.8896,2.4766,103.6377,48.0347,-77.1484,-53.1628,-39.6277,179.9945,47.56
0x50, 16:22:38.247,-0.8086,-0.8608,2.5454,118.6523,56.7627,-100.2808,-51.0974,-40.0891,179.9945,47.56
0x50, 16:22:38.248,-0.7891,-0.8037,2.6221,134.2163,67.749,-122.9248,-48.6639,-40.6219,179.9945,47.56
0x50, 16:22:38.306,-0.7612,-0.7578,2.623,149.4751,80.3833,-143.9819,-45.835,-41.1713,179.9945,47.54
0x50, 16:22:38.306,-0.8369,-0.7676,2.6304,162.1704,93.3838,-161.1938,-42.6434,-41.6766,179.9945,47.55
0x50, 16:22:38.318,-0.8618,-0.8018,2.6021,173.584,104.3701,-169.7998,-39.1663,-42.0612,179.9945,47.56
0x50, 16:22:38.320,-0.8755,-0.8398,2.5522,183.3496,114.8071,-170.2881,-35.4913,-42.2479,179.9945,47.56
0x50, 16:22:38.332,-0.8604,-0.8989,2.5278,191.7114,124.6338,-167.1143,-31.6791,-42.204,179.9945,47.56
0x50, 16:22:38.332,-0.7612,-0.9238,2.5054,198.6084,133.3008,-164.1846,-27.7899,-41.9293,179.9945,47.55
0x50, 16:22:38.333,-0.667,-0.9326,2.5215,204.1016,143.0664,-165.1611,-23.8403,-41.4349,179.9945,47.55
0x50, 16:22:38.333,-0.5679,-0.957,2.6875,207.0313,153.7476,-177.2461,-19.7864,-40.7428,179.9945,47.54
0x50, 16:22:38.334,-0.6274,-0.8687,2.7842,210.5713,166.1377,-204.3457,-15.5402,-39.8749,179.9945,47.55
0x50, 16:22:38.360,-0.6631,-0.8193,2.752,210.6934,176.8188,-237.1826,-11.1292,-38.8037,179.9945,47.55
0x50, 16:22:38.373,-0.8677,-0.6968,2.7104,208.7402,188.5376,-259.3384,-6.7017,-37.4579,179.9945,47.55
0x50, 16:22:38.374,-0.9038,-0.6431,2.667,204.834,195.0684,-260.9253,-2.4939,-35.8264,179.9945,47.56
0x50, 16:22:38.386,-1.0161,-0.5454,2.5806,200.2563,199.2188,-236.5723,1.2744,-33.9368,179.9945,47.56
0x50, 16:22:38.399,-0.9795,-0.5264,2.5591,194.519,198.7305,-186.8286,4.444,-31.9098,179.9945,47.56
0x50, 16:22:38.400,-0.9204,-0.4717,2.54,189.8804,195.6787,-120.1782,6.9928,-29.8663,179.9945,47.57
0x50, 16:22:38.412,-0.8213,-0.499,2.5308,185.6689,189.9414,-52.1851,9.0143,-27.9163,179.9945,47.57
0x50, 16:22:38.413,-0.7798,-0.5132,2.5171,182.5562,183.5327,2.1973,10.6787,-26.109,179.9945,47.55
0x50, 16:22:38.468,-0.7495,-0.5474,2.5117,179.4434,176.8188,35.6445,12.1399,-24.4336,179.9945,47.55
0x50, 16:22:38.469,-0.7666,-0.5522,2.5542,175.1709,170.8984,47.9736,13.5132,-22.8625,179.9945,47.55
0x50, 16:22:38.470,-0.7505,-0.519,2.6353,167.9077,165.8936,41.1987,14.8645,-21.3464,179.9945,47.57
0x50, 16:22:38.470,-0.7261,-0.3999,2.728,158.0811,163.147,18.7988,16.2103,-19.8193,179.9945,47.56
0x50, 16:22:38.485,-0.6875,-0.311,2.7588,144.4092,162.3535,-13.0005,17.5342,-18.2263,179.9945,47.55
0x50, 16:22:38.486,-0.6724,-0.248,2.7266,126.709,163.4521,-45.7153,18.7811,-16.5289,179.9945,47.56
0x50, 16:22:38.497,-0.7065,-0.2329,2.6348,106.2012,165.3442,-75.1953,19.8962,-14.7217,179.9945,47.56
0x50, 16:22:38.498,-0.7676,-0.2617,2.5806,83.7402,167.5415,-101.2573,20.8356,-12.7991,179.9945,47.56
0x50, 16:22:38.510,-0.8203,-0.2793,2.5342,61.5234,169.2505,-123.5962,21.5771,-10.7776,179.9945,47.57
0x50, 16:22:38.521,-0.8633,-0.333,2.4868,40.1611,170.166,-139.2822,22.1045,-8.6847,179.9945,47.57
0x50, 16:22:38.535,-0.8862,-0.3335,2.4624,20.3247,170.2271,-144.104,22.4121,-6.5643,179.9945,47.57
0x50, 16:22:38.542,-0.9175,-0.4185,2.3789,2.6245,169.0674,-134.4604,22.511,-4.4879,179.9945,47.57
0x50, 16:22:38.542,-1.0068,-0.4722,2.4604,-13.7329,168.2739,-115.7227,22.4066,-2.4939,179.9945,47.56
0x50, 16:22:38.559,-1.0171,-0.437,2.5117,-26.1841,166.3818,-97.4731,22.1539,-0.5823,179.9945,47.55
0x50, 16:22:38.566,-1.0552,-0.4521,2.4976,-37.1094,165.2832,-83.1909,21.7859,1.2579,179.9945,47.55
0x50, 16:22:38.588,-1.0581,-0.4287,2.4565,-45.7153,163.7573,-71.7773,21.33,3.0432,179.9945,47.54
0x50, 16:22:38.594,-1.0737,-0.4683,2.4063,-53.1616,162.8418,-62.1338,20.7971,4.7845,179.9945,47.53
0x50, 16:22:38.594,-1.0581,-0.4985,2.3525,-58.5938,161.6211,-53.772,20.2148,6.4874,179.9945,47.54
0x50, 16:22:38.610,-1.0239,-0.5249,2.3042,-62.7441,160.7666,-46.3867,19.6051,8.1573,179.9945,47.55
0x50, 16:22:38.617,-0.9956,-0.5435,2.2866,-65.4297,160.2173,-39.917,18.9734,9.7998,179.9945,47.53
0x50, 16:22:38.635,-0.9731,-0.5596,2.2866,-67.1997,160.1563,-33.8745,18.3362,11.4258,179.9945,47.54
0x50, 16:22:38.641,-0.9717,-0.5454,2.2754,-68.3594,160.3394,-28.0762,17.699,13.0353,179.9945,47.54
0x50, 16:22:38.689,-0.9727,-0.5303,2.2588,-69.3359,160.7666,-23.6206,17.0673,14.6393,179.9945,47.55
0x50, 16:22:38.733,-1.0352,-0.5176,2.2979,-69.6411,161.5601,-21.3013,16.441,16.2488,179.9945,47.52
0x50, 16:22:38.745,-1.1089,-0.5093,2.3267,-69.6411,161.6821,-20.9961,15.8203,17.8583,179.9945,47.53
0x50, 16:22:38.745,-1.1719,-0.5283,2.2871,-69.1528,161.2549,-21.9116,15.1996,19.4678,179.9945,47.54
0x50, 16:22:38.746,-1.1787,-0.5742,2.2339,-67.9932,159.9731,-22.4609,14.5953,21.0718,179.9945,47.54
0x50, 16:22:38.747,-1.1943,-0.5996,2.1851,-65.6738,158.5693,-21.6064,14.0076,22.6593,179.9945,47.55
0x50, 16:22:38.747,-1.2065,-0.646,2.0957,-62.6831,156.6772,-18.3105,13.4692,24.2249,179.9945,47.54
0x50, 16:22:38.759,-1.2324,-0.646,2.0015,-58.8989,154.7852,-12.7563,12.9858,25.7574,179.9945,47.54
0x50, 16:22:38.759,-1.2695,-0.6289,1.9731,-54.8706,152.771,-7.019,12.5684,27.2626,179.9945,47.53
0x50, 16:22:38.760,-1.272,-0.6118,2.0303,-51.0254,150.8179,-1.9531,12.2168,28.7402,179.9945,47.54
0x50, 16:22:38.761,-1.4683,-0.6401,2.1563,-47.8516,147.3999,1.6479,11.9202,30.174,179.9945,47.54
0x50, 16:22:38.761,-1.2832,-0.6421,2.2998,-44.6167,144.2871,2.4414,11.662,31.5802,179.9945,47.54
0x50, 16:22:38.762,-1.0869,-0.5879,2.3135,-41.4429,144.8364,1.1597,11.4313,32.9974,179.9945,47.55
0x50, 16:22:38.788,-1.1411,-0.5747,2.3325,-38.8184,143.4937,-1.1597,11.2225,34.4092,179.9945,47.55
0x50, 16:22:38.788,-1.1372,-0.5303,2.4482,-36.0718,141.9067,-6.2866,11.0083,35.8099,179.9945,47.54
0x50, 16:22:38.810,-1.1196,-0.3672,2.3311,-33.6304,139.7705,-18.8599,10.7336,37.2217,179.9945,47.54
0x50, 16:22:38.810,-1.0967,-0.3071,2.125,-29.6631,135.3149,-37.2314,10.3491,38.6169,179.9945,47.54
0x50, 16:22:38.821,-1.3838,-0.4629,1.9536,-26.4282,129.9438,-51.3306,9.8657,39.9902,179.9945,47.55
0x50, 16:22:38.854,-1.4902,-0.5903,1.8677,-19.7144,119.2017,-56.6406,9.3713,41.2592,179.9945,47.55
0x50, 16:22:38.854,-1.6689,-0.7842,1.771,-10.3149,105.896,-57.1899,8.9264,42.3962,179.9945,47.56
0x50, 16:22:38.864,-1.6802,-0.9082,1.75,2.3193,88.8062,-57.8613,8.5529,43.363,179.9945,47.54
0x50, 16:22:38.864,-1.7588,-0.9487,1.7505,16.8457,71.9604,-60.5469,8.2562,44.165,179.9945,47.55
0x50, 16:22:38.871,-1.7593,-0.9023,1.7656,31.6772,54.3823,-64.0259,8.0365,44.7968,179.9945,47.55
0x50, 16:22:38.885,-1.7183,-0.8384,1.7866,44.8608,38.3911,-64.5752,7.8992,45.2692,179.9945,47.55
0x50, 16:22:38.895,-1.6099,-0.6865,1.7832,55.481,24.231,-59.082,7.8992,45.5878,179.9945,47.54
0x50, 16:22:38.897,-1.3979,-0.4985,1.834,60.791,13.7329,-45.8374,8.064,45.791,179.9945,47.53
0x50, 16:22:38.911,-1.1475,-0.3115,1.9609,60.5469,8.1787,-24.0479,8.4375,45.9009,179.9945,47.54
0x50, 16:22:38.923,-0.9883,-0.3276,2.0508,54.8096,6.8359,4.3335,9.0363,45.9668,179.9945,47.54
0x50, 16:22:38.936,-0.939,-0.3682,2.0562,46.6309,9.3994,30.5786,9.8328,46.0107,179.9945,47.55
0x50, 16:22:38.937,-1.0073,-0.4116,2.0557,35.5835,16.1743,38.3911,10.6073,46.1041,179.9945,47.54
0x50, 16:22:38.949,-1.1016,-0.4175,2.0674,24.353,24.7192,17.7002,11.0797,46.3129,179.9945,47.55
0x50, 16:22:38.961,-1.1416,-0.394,2.0347,12.146,33.8745,-21.4233,11.0468,46.6864,179.9945,47.54
0x50, 16:22:38.962,-1.1807,-0.3975,2.0454,-0.4883,42.4805,-56.2134,10.5469,47.2137,179.9945,47.55
0x50, 16:22:38.986,-1.2622,-0.4429,2.1001,-12.8174,49.0723,-72.3267,9.7449,47.829,179.9945,47.55
0x50, 16:22:38.997,-1.3257,-0.4785,2.1079,-24.1089,52.9175,-72.3267,8.8165,48.4717,179.9945,47.54
0x50, 16:22:38.998,-1.3413,-0.5532,2.04,-33.02,54.1992,-65.7349,7.8497,49.1089,179.9945,47.55
0x50, 16:22:39.010,-1.3257,-0.6167,1.9341,-38.208,52.7954,-57.8003,6.8884,49.7076,179.9945,47.54
0x50, 16:22:39.081,-1.3657,-0.6973,1.8633,-39.856,49.3774,-50.1709,5.9711,50.257,179.9945,47.53
0x50, 16:22:39.081,-1.4395,-0.7827,1.8257,-37.5977,43.457,-43.9453,5.1251,50.7349,179.9945,47.54
0x50, 16:22:39.082,-1.5029,-0.8462,1.7891,-31.9824,34.9731,-40.0391,4.3561,51.1194,179.9945,47.54
0x50, 16:22:39.082,-1.5576,-0.9004,1.7603,-23.4375,24.292,-38.147,3.6694,51.394,179.9945,47.53
0x50, 16:22:39.083,-1.5986,-0.9766,1.7314,-13.3057,12.2681,-37.4146,3.0817,51.5369,179.9945,47.54
0x50, 16:22:39.083,-1.5864,-0.9756,1.7554,-2.3804,0.3662,-36.8042,2.5928,51.5643,179.9945,47.54
0x50, 16:22:39.085,-1.499,-0.9487,1.8081,8.1177,-11.2915,-35.4004,2.2247,51.4655,179.9945,47.54
0x50, 16:22:39.096,-1.4272,-0.8916,1.8228,16.9678,-20.5688,-31.6772,1.983,51.2732,179.9945,47.54
0x50, 16:22:39.110,-1.3506,-0.8394,1.8667,22.8271,-26.8555,-24.7803,1.8951,51.015,179.9945,47.55
0x50, 16:22:39.122,-1.3096,-0.8379,1.9419,25.7568,-30.4565,-15.0757,1.9501,50.7129,179.9945,47.55
0x50, 16:22:39.123,-1.2778,-0.8335,2.0117,25.6348,-31.8604,-4.3945,2.1423,50.3943,179.9945,47.54
0x50, 16:22:39.135,-1.2549,-0.8208,2.0747,23.3154,-30.4565,2.5635,2.3895,50.0922,179.9945,47.53
0x50, 16:22:39.146,-1.2246,-0.8208,2.0928,19.043,-27.2827,1.77,2.5873,49.8175,179.9945,47.53
0x50, 16:22:39.147,-1.2261,-0.8047,2.105,13.5498,-22.2778,-7.7515,2.6202,49.5978,179.9945,47.53
0x50, 16:22:39.160,-1.2329,-0.8081,2.1084,7.4463,-16.7847,-22.7661,2.417,49.4385,179.9945,47.53
0x50, 16:22:39.171,-1.2769,-0.8242,2.104,1.4038,-11.1694,-37.3535,1.994,49.3451,179.9945,47.51
0x50, 16:22:39.185,-1.3174,-0.8599,2.0947,-4.2114,-6.5918,-46.5088,1.4063,49.2957,179.9945,47.52
0x50, 16:22:39.196,-1.3657,-0.8906,2.0645,-8.8501,-3.6621,-48.2788,0.7526,49.2682,179.9945,47.52
0x50, 16:22:39.197,-1.4321,-0.9175,2.0356,-12.085,-2.3193,-44.0674,0.1208,49.2517,179.9945,47.52
0x50, 16:22:39.210,-1.4805,-0.9121,1.9707,-14.0991,-2.6855,-36.6211,-0.4395,49.2297,179.9945,47.53
0x50, 16:22:39.219,-1.5229,-0.896,1.9229,-14.5264,-5.0049,-28.2593,-0.9119,49.1748,179.9945,47.54
0x50, 16:22:39.235,-1.5547,-0.8823,1.8701,-13.916,-8.728,-21.3013,-1.2964,49.0869,179.9945,47.52
0x50, 16:22:39.242,-1.5679,-0.873,1.8252,-12.3901,-13.6108,-16.8457,-1.6095,48.9441,179.9945,47.53
0x50, 16:22:39.243,-1.5723,-0.8774,1.8159,-10.0098,-19.2871,-14.3433,-1.8677,48.7463,179.9945,47.52
0x50, 16:22:39.260,-1.5576,-0.8687,1.8032,-7.1411,-25.3906,-11.9629,-2.0654,48.4882,179.9945,47.53
0x50, 16:22:39.266,-1.5288,-0.8516,1.7998,-3.9673,-31.5552,-8.0566,-2.1863,48.1696,179.9945,47.52
0x50, 16:22:39.309,-1.4985,-0.8374,1.8013,-0.6104,-37.5366,-2.5635,-2.2028,47.796,179.9945,47.53
0x50, 16:22:39.310,-1.4795,-0.8208,1.8066,2.6245,-42.9688,2.7466,-2.1259,47.3676,179.9945,47.54
0x50, 16:22:39.310,-1.4624,-0.8101,1.8018,5.6763,-47.6074,6.2256,-1.983,46.8951,179.9945,47.55
0x50, 16:22:39.311,-1.4341,-0.8027,1.7944,8.7891,-51.6357,8.1787,-1.7908,46.3788,179.9945,47.55
0x50, 16:22:39.339,-1.4063,-0.8281,1.7876,11.5967,-54.8096,10.1929,-1.5491,45.835,179.9945,47.55
0x50, 16:22:39.352,-1.3911,-0.8359,1.8071,14.6484,-57.4951,12.3901,-1.2579,45.2637,179.9945,47.54
0x50, 16:22:39.352,-1.3555,-0.8599,1.8315,17.5171,-59.2651,13.4277,-0.9338,44.6759,179.9945,47.53
0x50, 16:22:39.353,-1.3135,-0.8354,1.8252,20.5688,-59.7534,12.5122,-0.5988,44.0771,179.9945,47.53
0x50, 16:22:39.396,-1.2666,-0.8384,1.832,23.0103,-59.4482,10.8032,-0.2582,43.4839,179.9945,47.52
0x50, 16:22:39.396,-1.2456,-0.832,1.856,25.1465,-58.2275,9.5215,0.0824,42.9071,179.9945,47.53
0x50, 16:22:39.417,-1.2471,-0.832,1.8643,26.7944,-56.3965,7.6294,0.423,42.3413,179.9945,47.54
0x50, 16:22:39.418,-1.2686,-0.8262,1.8672,28.1372,-54.1992,3.2959,0.7306,41.7975,179.9945,47.54
0x50, 16:22:39.429,-1.2939,-0.8101,1.8667,28.7476,-51.5137,-3.418,0.9778,41.2811,179.9945,47.55
0x50, 16:22:39.429,-1.2969,-0.7749,1.875,28.6255,-48.7671,-9.5825,1.1755,40.7977,179.9945,47.54
0x50, 16:22:39.475,-1.2725,-0.7588,1.8936,27.8931,-46.2646,-11.3525,1.3458,40.3363,179.9945,47.53
0x50, 16:22:39.476,-1.2549,-0.7485,1.9126,26.062,-43.457,-8.667,1.5271,39.9078,179.9945,47.54
0x50, 16:22:39.476,-1.2432,-0.7422,1.9312,23.7427,-40.2832,-5.249,1.7084,39.5013,179.9945,47.54
0x50, 16:22:39.477,-1.2412,-0.7446,1.9502,21.2402,-36.9263,-4.7607,1.8732,39.1388,179.9945,47.54
0x50, 16:22:39.477,-1.2524,-0.7515,1.9761,18.6157,-33.6304,-7.7515,1.9885,38.8037,179.9945,47.53
0x50, 16:22:39.478,-1.2627,-0.7495,1.9888,16.1743,-30.3955,-12.7563,2.038,38.5016,179.9945,47.54
0x50, 16:22:39.489,-1.2749,-0.7388,1.9751,14.0381,-27.71,-17.5781,2.0325,38.2324,179.9945,47.54
0x50, 16:22:39.490,-1.2783,-0.7397,1.98,11.9629,-25.8179,-20.5078,1.983,37.9797,179.9945,47.53
0x50, 16:22:39.501,-1.2915,-0.7358,1.9883,10.1318,-24.1699,-20.813,1.9171,37.749,179.9945,47.54
0x50, 16:22:39.511,-1.3228,-0.7324,1.9854,8.2397,-22.9492,-18.8599,1.8457,37.5238,179.9945,47.53
0x50, 16:22:39.520,-1.3467,-0.7178,2.0132,6.5918,-22.2168,-15.1367,1.7908,37.3096,179.9945,47.53
0x50, 16:22:39.535,-1.3379,-0.6973,2.0229,4.8218,-21.8506,-8.9111,1.7633,37.0898,179.9945,47.54
0x50, 16:22:39.541,-1.3228,-0.6938,2.0195,2.8076,-21.4844,0,1.7908,36.8756,179.9945,47.53
0x50, 16:22:39.542,-1.3096,-0.7031,2.0254,0.6714,-21.0571,10.0098,1.8677,36.6614,179.9945,47.53
0x50, 16:22:39.560,-1.3159,-0.7197,2.0313,-1.2817,-20.3857,17.5171,1.9775,36.4526,179.9945,47.54
0x50, 16:22:39.567,-1.3271,-0.7485,2.0371,-2.9297,-19.6533,20.6909,2.0984,36.2494,179.9945,47.54
0x50, 16:22:39.585,-1.3447,-0.7891,2.0815,-4.2725,-18.5547,20.6299,2.1973,36.0571,179.9945,47.53
0x50, 16:22:39.597,-1.3433,-0.8032,2.1284,-4.7607,-17.8223,19.4092,2.2906,35.8704,179.9945,47.52
0x50, 16:22:39.598,-1.3257,-0.8413,2.1445,-5.0049,-16.9067,18.9209,2.3676,35.6946,179.9945,47.53
0x50, 16:22:39.610,-1.3115,-0.8833,2.1714,-4.8828,-15.8081,19.5923,2.4554,35.5298,179.9945,47.54
0x50, 16:22:39.621,-1.3135,-0.9243,2.1929,-4.2725,-14.4653,21.1182,2.5598,35.376,179.9945,47.54
0x50, 16:22:39.635,-1.3135,-0.9463,2.1948,-2.8687,-13.0005,21.8506,2.6807,35.2386,179.9945,47.55
0x50, 16:22:39.646,-1.3062,-0.9507,2.1689,-1.2207,-11.1694,20.6299,2.8125,35.1123,179.9945,47.54
0x50, 16:22:39.647,-1.2832,-0.936,2.145,0.5493,-9.0942,17.1509,2.9333,35.0134,179.9945,47.52
0x50, 16:22:39.708,-1.2676,-0.9048,2.1284,2.3193,-6.5918,11.5967,3.0377,34.942,179.9945,47.52
0x50, 16:22:39.708,-1.2583,-0.8794,2.0938,3.8452,-3.7842,4.3945,3.1036,34.9036,179.9945,47.53
0x50, 16:22:39.709,-1.2637,-0.8496,2.0435,5.188,-0.7324,-3.7231,3.1311,34.8981,179.9945,47.54
0x50, 16:22:39.709,-1.2871,-0.8193,1.9971,5.9204,2.2583,-11.4746,3.1091,34.9255,179.9945,47.54
0x50, 16:22:39.710,-1.3037,-0.7837,1.9595,6.2866,4.8828,-17.2729,3.0542,34.986,179.9945,47.54
0x50, 16:22:39.722,-1.3232,-0.7593,1.9297,5.9814,7.2632,-20.0195,2.9773,35.0684,179.9945,47.54
0x50, 16:22:39.722,-1.3188,-0.7393,1.9092,5.127,9.2773,-20.0195,2.8894,35.1727,179.9945,47.54
0x50, 16:22:39.739,-1.312,-0.7202,1.9048,3.7231,11.2305,-18.7988,2.8015,35.2936,179.9945,47.53
0x50, 16:22:39.740,-1.2944,-0.7261,1.9087,2.0142,13.2446,-17.5781,2.7026,35.4364,179.9945,47.53
0x50, 16:22:39.783,-1.2852,-0.7231,1.9155,0,15.4419,-17.2119,2.5818,35.5957,179.9945,47.53
0x50, 16:22:39.795,-1.269,-0.7134,1.9185,-2.5635,17.8223,-18.4937,2.4335,35.7825,179.9945,47.54
0x50, 16:22:39.796,-1.2549,-0.7163,1.9253,-5.249,20.2637,-21.4233,2.2302,35.9967,179.9945,47.53
0x50, 16:22:39.796,-1.2471,-0.7222,1.9492,-8.1787,22.7661,-25.2075,1.972,36.2329,179.9945,47.53
0x50, 16:22:39.807,-1.249,-0.7227,1.9746,-11.2305,25.2075,-28.9307,1.6534,36.4911,179.9945,47.54
0x50, 16:22:39.808,-1.2515,-0.731,1.9897,-14.3433,27.4048,-31.9824,1.2799,36.7767,179.9945,47.56
0x50, 16:22:39.808,-1.271,-0.7378,2.002,-17.395,29.2969,-34.79,0.8514,37.0789,179.9945,47.55
0x50, 16:22:39.880,-1.2817,-0.7476,2.0151,-20.5078,30.5176,-37.7808,0.3625,37.3865,179.9945,47.54
0x50, 16:22:39.881,-1.2949,-0.7554,2.0308,-23.3765,31.311,-40.4663,-0.1703,37.7051,179.9945,47.53
0x50, 16:22:39.881,-1.3008,-0.7646,2.0425,-26.123,31.6162,-42.1143,-0.7581,38.0182,179.9945,47.53
0x50, 16:22:39.882,-1.3105,-0.772,2.0527,-28.8696,31.4941,-42.5415,-1.3843,38.3258,179.9945,47.53
0x50, 16:22:39.908,-1.3149,-0.793,2.0659,-31.3721,31.0059,-42.4194,-2.038,38.6279,179.9945,47.53
0x50, 16:22:39.908,-1.3311,-0.8467,2.0718,-33.5693,30.1514,-42.2363,-2.7191,38.9136,179.9945,47.53
0x50, 16:22:39.909,-1.3804,-0.8213,2.0913,-35.3394,29.0527,-43.457,-3.4332,39.1827,179.9945,47.53
0x50, 16:22:39.909,-1.4214,-0.8374,2.0552,-37.0483,27.2217,-46.5088,-4.1968,39.4299,179.9945,47.53
0x50, 16:22:39.910,-1.4629,-0.8403,2.0469,-38.0859,24.9023,-49.1943,-4.9988,39.6387,179.9945,47.55
0x50, 16:22:39.910,-1.4365,-0.8501,2.0249,-39.1846,21.9116,-48.3398,-5.8008,39.8145,179.9945,47.54
0x50, 16:22:39.921,-1.4653,-0.8203,1.9546,-39.917,18.9819,-45.166,-6.5918,39.9573,179.9945,47.54
0x50, 16:22:39.977,-1.4497,-0.8208,1.9072,-40.8936,15.8691,-42.1753,-7.3663,40.0671,179.9945,47.54
0x50, 16:22:39.989,-1.4312,-0.7832,1.8721,-41.748,13.1226,-40.4053,-8.1354,40.144,179.9945,47.54
0x50, 16:22:39.989,-1.418,-0.7944,1.8481,-42.7246,10.7422,-40.2832,-8.9154,40.1935,179.9945,47.53
0x50, 16:22:39.990,-1.373,-0.7734,1.8008,-43.9453,8.728,-41.1987,-9.7064,40.2209,179.9945,47.54
0x50, 16:22:40.001,-1.3477,-0.769,1.832,-45.3491,7.1411,-42.2974,-10.5249,40.2155,179.9945,47.52
0x50, 16:22:40.001,-1.3462,-0.7617,1.8218,-46.814,5.9814,-44.8608,-11.3763,40.1935,179.9945,47.54
0x50, 16:22:40.003,-1.3687,-0.7432,1.7837,-48.7061,5.3711,-49.4385,-12.2827,40.1495,179.9945,47.54
0x50, 16:22:40.004,-1.3374,-0.7373,1.7944,-50.7813,4.4556,-55.3589,-13.255,40.0726,179.9945,47.54
0x50, 16:22:40.004,-1.3628,-0.7188,1.8042,-52.9175,3.6621,-61.1572,-14.2877,39.9683,179.9945,47.53
0x50, 16:22:40.038,-1.3496,-0.709,1.8101,-55.2979,2.8076,-65.7349,-15.3809,39.8364,179.9945,47.54
0x50, 16:22:40.038,-1.3608,-0.7227,1.8042,-57.6172,1.9531,-68.9697,-16.5179,39.6716,179.9945,47.53
0x50, 16:22:40.049,-1.3501,-0.7505,1.8115,-60.0586,0.9155,-71.106,-17.688,39.4794,179.9945,47.53
0x50, 16:22:40.060,-1.3311,-0.7798,1.8335,-62.0117,0,-71.3501,-18.8635,39.2596,179.9945,47.54
0x50, 16:22:40.060,-1.2939,-0.8066,1.854,-63.7817,-0.9155,-68.8477,-20.0336,39.0289,179.9945,47.55
0x50, 16:22:40.067,-1.2646,-0.8149,1.8584,-65.0635,-1.4038,-62.9272,-21.1597,38.8037,179.9945,47.53
0x50, 16:22:40.107,-1.2095,-0.832,1.8599,-66.3452,-1.6479,-53.894,-22.2198,38.5895,179.9945,47.54
0x50, 16:22:40.109,-1.1689,-0.8521,1.8472,-67.3828,-1.3428,-42.6025,-23.2086,38.4192,179.9945,47.54
0x50, 16:22:40.109,-1.1611,-0.8672,1.8237,-68.3594,-0.3662,-31.4941,-24.1205,38.2928,179.9945,47.54
0x50, 16:22:40.109,-1.1626,-0.8608,1.8188,-69.0308,0.9766,-23.5596,-24.9829,38.205,179.9945,47.53
0x50, 16:22:40.124,-1.1777,-0.8779,1.8042,-69.397,2.4414,-20.752,-25.8344,38.139,179.9945,47.52
0x50, 16:22:40.139,-1.1997,-0.8931,1.77,-69.7021,3.8452,-22.4609,-26.7023,38.0731,179.9945,47.52
0x50, 16:22:40.152,-1.231,-0.8818,1.7432,-69.7021,5.0049,-25.9399,-27.5977,38.0017,179.9945,47.53
0x50, 16:22:40.162,-1.229,-0.8862,1.7227,-69.6411,5.7373,-28.0151,-28.5095,37.9248,179.9945,47.52
0x50, 16:22:40.163,-1.2061,-0.8931,1.6963,-69.7632,6.2866,-27.1606,-29.4159,37.8479,179.9945,47.52
0x50, 16:22:40.173,-1.1904,-0.8848,1.6606,-69.8853,6.958,-24.0479,-30.3058,37.793,179.9945,47.54
0x50, 16:22:40.185,-1.1665,-0.8672,1.6377,-70.2515,7.7515,-19.9585,-31.1682,37.76,179.9945,47.55
0x50, 16:22:40.196,-1.1543,-0.8501,1.6357,-70.6177,8.7891,-16.2964,-32.0197,37.749,179.9945,47.53
0x50, 16:22:40.197,-1.1689,-0.856,1.6079,-71.4111,10.0708,-13.1836,-32.8601,37.7655,179.9945,47.53
0x50, 16:22:40.210,-1.1812,-0.8589,1.5811,-72.8149,11.5967,-10.2539,-33.7061,37.804,179.9945,47.54
0x50, 16:22:40.222,-1.1489,-0.8428,1.5898,-74.7681,13.0615,-7.1411,-34.5575,37.8754,179.9945,47.53
0x50, 16:22:40.237,-1.1299,-0.8389,1.5835,-77.2095,14.9536,-3.7842,-35.4199,37.9742,179.9945,47.53
0x50, 16:22:40.238,-1.144,-0.8354,1.5757,-80.5664,17.334,-0.9766,-36.3098,38.1116,179.9945,47.52
0x50, 16:22:40.249,-1.2046,-0.8296,1.5322,-84.7168,20.2026,0.3052,-37.2491,38.2764,179.9945,47.54
0x50, 16:22:40.264,-1.2222,-0.8008,1.4634,-91.3086,23.3765,1.4038,-38.2654,38.4686,179.9945,47.53
0x50, 16:22:40.264,-1.1948,-0.7295,1.4507,-99.6704,26.6724,4.6387,-39.364,38.7103,179.9945,47.53
0x50, 16:22:40.289,-1.1484,-0.7197,1.481,-110.1685,30.5176,11.4746,-40.545,39.0179,179.9945,47.54
0x50, 16:22:40.295,-1.1338,-0.6841,1.4648,-123.3521,35.9497,21.6064,-41.8359,39.4299,179.9945,47.54
0x50, 16:22:40.296,-1.1821,-0.6499,1.4106,-138.9771,42.7856,32.5928,-43.2642,39.9683,179.9945,47.54
0x50, 16:22:40.327,-1.2554,-0.6206,1.3638,-156.7993,50.5371,41.748,-44.8682,40.6219,179.9945,47.54
0x50, 16:22:40.327,-1.2495,-0.6245,1.3608,-176.3916,58.7769,49.6826,-46.6809,41.391,179.9945,47.55
0x50, 16:22:40.340,-1.1816,-0.6616,1.3574,-195.6787,67.3828,58.5327,-48.7189,42.2754,179.9945,47.54
0x50, 16:22:40.340,-1.1226,-0.6924,1.2954,-213.7451,77.4536,65.1855,-50.993,43.2751,179.9945,47.53
0x50, 16:22:40.360,-1.144,-0.707,1.2319,-229.5532,88.501,62.6831,-53.5638,44.3243,179.9945,47.54
0x50, 16:22:40.360,-1.1138,-0.7231,1.1587,-242.3096,98.6328,49.4385,-56.4752,45.3076,179.9945,47.52
0x50, 16:22:40.385,-1.0054,-0.7607,1.0713,-251.2817,106.9946,29.7241,-59.7272,46.1426,179.9945,47.52
0x50, 16:22:40.386,-0.9365,-0.7539,1.0181,-256.7749,113.8306,8.3618,-63.2703,46.7908,179.9945,47.53
0x50, 16:22:40.393,-0.8374,-0.7754,1.0308,-258.2397,118.8965,-11.9019,-67.0441,47.2192,179.9945,47.52
0x50, 16:22:40.400,-0.7397,-0.7378,1.0527,-256.897,122.0093,-29.8462,-70.9497,47.417,179.9945,47.52
0x50, 16:22:40.410,-0.5825,-0.665,0.9131,-253.2349,123.5352,-44.1284,-74.9103,47.406,179.9945,47.53
0x50, 16:22:40.417,-0.4028,-0.3643,0.7036,-248.4741,125.2441,-55.2368,-78.8708,47.1973,179.9945,47.53
0x50, 16:22:40.435,-0.3882,-0.1294,0.7974,-244.3848,126.8311,-65.3687,-82.793,46.8018,179.9945,47.52
0x50, 16:22:40.447,-0.7124,0.0996,1.1455,-245.1782,127.1362,-77.9419,-86.6931,46.1865,179.9945,47.51
0x50, 16:22:40.499,-0.7993,-0.167,1.3809,-243.2861,123.5352,-95.0317,-90.4669,45.3076,179.9945,47.52
0x50, 16:22:40.499,-0.9209,-0.7275,1.2944,-242.8589,118.7134,-113.2813,-94.0869,44.165,179.9945,47.53
0x50, 16:22:40.500,-0.9521,-0.5679,1.1021,-234.9243,110.9009,-125.4883,-97.4213,42.8357,179.9945,47.53
0x50, 16:22:40.519,-0.873,-1.2217,0.8472,-230.7129,101.5625,-131.7139,-100.5084,41.402,179.9945,47.52
0x50, 16:22:40.529,-0.9409,-0.7734,0.7515,-217.5903,94.0552,-135.9253,-103.277,39.8914,179.9945,47.53
0x50, 16:22:40.530,-0.5845,-1.0229,0.7505,-211.9141,84.2285,-145.0806,-105.8038,38.2874,179.9945,47.53
0x50, 16:22:40.531,-0.9775,-0.7646,0.7026,-199.5239,80.1392,-159.9731,-108.067,36.5295,179.9945,47.52
0x50, 16:22:40.531,-0.6821,-1.1426,0.5356,-194.0918,70.1294,-179.5654,-110.0885,34.6014,179.9945,47.52
0x50, 16:22:40.543,-0.9688,-0.8188,0.4316,-181.2134,65.2466,-198.0591,-111.8518,32.5195,179.9945,47.52
0x50, 16:22:40.543,-0.8979,-1.0718,0.3525,-175.293,54.8096,-213.2568,-113.4229,30.3387,179.9945,47.51
0x50, 16:22:40.543,-0.9907,-0.6494,0.3105,-163.8184,46.875,-221.0083,-114.8016,28.1195,179.9945,47.51
0x50, 16:22:40.560,-0.8633,-0.7715,0.2959,-159.5459,36.377,-223.0835,-116.0706,25.9442,179.9945,47.51
0x50, 16:22:40.572,-0.7104,-0.3936,0.374,-150.8789,27.2827,-220.8252,-117.2296,23.8403,179.9945,47.52
0x50, 16:22:40.585,-0.917,-0.6548,0.4507,-148.4375,20.2026,-216.4307,-118.3557,21.8243,179.9945,47.53
0x50, 16:22:40.596,-0.6948,-0.3916,0.5513,-140.4419,10.2539,-210.7544,-119.3939,19.9182,179.9945,47.52
0x50, 16:22:40.618,-0.916,-0.5601,0.6138,-137.3901,4.0283,-204.4067,-120.4156,18.1219,179.9945,47.52
0x50, 16:22:40.629,-0.6982,-0.3516,0.7012,-129.6387,-5.6152,-198.0591,-121.366,16.441,179.9945,47.51
0x50, 16:22:40.629,-0.8218,-0.5425,0.7178,-126.0986,-11.2915,-191.8945,-122.3053,14.859,179.9945,47.52
0x50, 16:22:40.630,-0.7427,-0.3696,0.7339,-118.1641,-19.3481,-186.1572,-123.1787,13.3923,179.9945,47.52
0x50, 16:22:40.660,-0.8301,-0.4194,0.7144,-113.4033,-25.1465,-181.2744,-124.0302,12.0135,179.9945,47.52
0x50, 16:22:40.671,-0.8066,-0.3364,0.6694,-106.4453,-32.2876,-177.9175,-124.8212,10.7172,179.9945,47.52
0x50, 16:22:40.672,-0.7827,-0.4043,0.624,-101.0132,-38.7573,-176.4526,-125.5847,9.4922,179.9945,47.53
0x50, 16:22:40.685,-0.8511,-0.4561,0.604,-94.0552,-44.6167,-176.5137,-126.2878,8.3167,179.9945,47.54
0x50, 16:22:40.697,-0.7515,-0.4482,0.5996,-86.6699,-51.3306,-177.7954,-126.9415,7.1851,179.9945,47.53
0x50, 16:22:40.697,-0.8574,-0.4927,0.6079,-79.1626,-56.2744,-179.6265,-127.5403,6.0864,179.9945,47.53
0x50, 16:22:40.744,-0.7656,-0.396,0.6558,-70.5566,-62.5,-181.8237,-128.0731,5.0262,179.9945,47.53
0x50, 16:22:40.744,-0.7354,-0.603,0.6733,-62.9883,-66.5894,-183.1665,-128.562,3.999,179.9945,47.53
0x50, 16:22:40.745,-0.709,-0.3843,0.6299,-52.6733,-70.7397,-182.4951,-128.9685,3.0103,179.9945,47.52
0x50, 16:22:40.745,-0.6553,-0.4136,0.5708,-45.166,-73.8525,-179.9927,-129.3311,2.0764,179.9945,47.51
0x50, 16:22:40.746,-0.6797,-0.2554,0.5469,-35.5835,-75.6226,-175.9644,-129.6222,1.192,179.9945,47.52
0x50, 16:22:40.746,-0.5889,-0.3447,0.5137,-28.9917,-77.3926,-171.3867,-129.8804,0.368,179.9945,47.52
0x50, 16:22:40.760,-0.5845,-0.2041,0.4849,-20.0806,-77.3315,-166.3208,-130.0671,-0.4065,179.9945,47.52
0x50, 16:22:40.786,-0.5376,-0.2588,0.4575,-13.6108,-76.9043,-161.499,-130.2155,-1.1481,179.9945,47.52
0x50, 16:22:40.786,-0.5757,-0.1099,0.4507,-5.6763,-74.9512,-156.7993,-130.3033,-1.8622,179.9945,47.51
0x50, 16:22:40.797,-0.5479,-0.1616,0.4575,-0.2441,-73.1201,-153.0762,-130.3583,-2.5543,179.9945,47.52
0x50, 16:22:40.810,-0.5693,-0.105,0.4971,6.2256,-70.1294,-150.5737,-130.3638,-3.2465,179.9945,47.52
0x50, 16:22:40.821,-0.5815,-0.1475,0.541,11.1694,-66.9556,-149.8413,-130.3363,-3.9551,179.9945,47.52
0x50, 16:22:40.821,-0.5693,-0.0698,0.5776,16.8457,-63.1714,-150.7568,-130.2704,-4.6967,179.9945,47.54
0x50, 16:22:40.835,-0.583,-0.1377,0.603,20.813,-59.021,-152.2217,-130.177,-5.4767,179.9945,47.53
0x50, 16:22:40.847,-0.5757,-0.1343,0.6216,25.5737,-54.5654,-152.771,-130.0562,-6.2897,179.9945,47.52
0x50, 16:22:40.847,-0.5923,-0.1362,0.6304,29.0527,-49.8047,-151.9775,-129.9188,-7.1356,179.9945,47.53
0x50, 16:22:40.858,-0.6157,-0.1084,0.6313,32.5928,-44.9829,-149.9634,-129.754,-7.998,179.9945,47.52
0x50, 16:22:40.899,-0.6543,-0.0908,0.6206,34.9731,-40.2832,-147.1558,-129.5782,-8.8715,179.9945,47.52
0x50, 16:22:40.899,-0.6904,-0.084,0.5825,36.9873,-36.0107,-143.5547,-129.397,-9.7449,179.9945,47.55
0x50, 16:22:40.900,-0.7271,-0.0352,0.5488,38.3911,-31.9824,-138.6108,-129.2047,-10.6128,179.9945,47.53
0x50, 16:22:40.900,-0.7461,-0.0112,0.5522,38.6353,-28.6255,-131.958,-129.0179,-11.4587,179.9945,47.53
0x50, 16:22:40.913,-0.7544,0.0327,0.5615,38.0859,-25.6348,-123.7793,-128.8367,-12.2552,179.9945,47.53
0x50, 16:22:40.919,-0.7495,0.0146,0.5771,36.6821,-23.0713,-114.3799,-128.6664,-13.0023,179.9945,47.52
0x50, 16:22:40.935,-0.7524,0,0.5996,34.9731,-20.6909,-104.187,-128.5016,-13.689,179.9945,47.52
0x50, 16:22:40.947,-0.7505,-0.0298,0.627,33.02,-18.5547,-93.8721,-128.3478,-14.3042,179.9945,47.53
0x50, 16:22:40.960,-0.7388,-0.0225,0.6416,31.0669,-16.7236,-84.5947,-128.205,-14.8645,179.9945,47.53
0x50, 16:22:40.961,-0.7212,-0.0264,0.6372,28.8696,-14.8926,-77.0874,-128.0731,-15.3809,179.9945,47.54
0x50, 16:22:40.985,-0.7021,-0.0356,0.6245,26.9165,-13.0615,-72.0825,-127.9578,-15.8643,179.9945,47.54
0x50, 16:22:40.986,-0.6685,-0.0693,0.6021,25.2075,-11.2305,-69.7632,-126.6394,-15.705,179.9945,47.52
0x50, 16:22:40.997,-0.6729,-0.082,0.5811,23.8647,-9.2773,-70.3125,-125.354,-15.5621,179.9945,47.52
0x50, 16:22:41.019,-0.6904,-0.0957,0.5747,23.0103,-7.3853,-73.5474,-124.1016,-15.4578,179.9945,47.52
0x50, 16:22:41.019,-0.7134,-0.0986,0.5732,22.3999,-5.7983,-78.6743,-122.8711,-15.4083,179.9945,47.5
0x50, 16:22:41.022,-0.7178,-0.0977,0.5815,21.9727,-4.6387,-84.2896,-121.6516,-15.4248,179.9945,47.51
0x50, 16:22:41.049,-0.7148,-0.1167,0.5928,21.5454,-3.7231,-88.501,-120.4706,-15.5017,179.9945,47.52
0x50, 16:22:41.049,-0.6943,-0.1343,0.6045,21.2402,-3.1128,-90.0269,-119.317,-15.6171,179.9945,47.51
0x50, 16:22:41.049,-0.6895,-0.1396,0.6104,20.9351,-2.5024,-88.623,-118.1689,-15.7324,179.9945,47.52
0x50, 16:22:41.064,-0.6787,-0.1479,0.6025,20.752,-2.1362,-85.083,-117.0374,-15.8313,179.9945,47.53
0x50, 16:22:41.064,-0.6753,-0.1587,0.5933,20.6909,-1.77,-80.8105,-115.9167,-15.9027,179.9945,47.54
0x50, 16:22:41.140,-0.6738,-0.1714,0.5757,20.6909,-1.5259,-77.4536,-114.8181,-15.9412,179.9945,47.52
0x50, 16:22:41.140,-0.686,-0.1763,0.5576,20.9961,-1.3428,-76.2329,-113.736,-15.9686,179.9945,47.52
0x50, 16:22:41.140,-0.7061,-0.1763,0.5566,21.4233,-1.3428,-77.4536,-112.6538,-16.0016,179.9945,47.53
0x50, 16:22:41.140,-0.7549,-0.1099,0.5884,21.9727,-1.5259,-81.1157,-111.5057,-16.062,179.9945,47.53
0x50, 16:22:41.140,-0.8188,-0.0386,0.5879,21.8506,-2.1973,-86.5479,-110.3082,-16.1444,179.9945,47.52
0x50, 16:22:41.140,-0.7871,-0.0986,0.561,20.9351,-3.6621,-92.5293,-109.1986,-16.2872,179.9945,47.51
0x50, 16:22:41.140,,,,,,,,,,
